NAMA BARANG;KODE BARANG;Qty
LABEL NIIMBOT D11 UKURAN 12 X 22 MM ;A0001;13
PLASTIK KLIP UKURAN 25X16 ISI 100PCS;A0002;0
LABEL TOM & JERRY BULAT NO. 113 WARNA BIRU (PACK);A0003;25
LABEL TOM & JERRY BULAT NO. 113 WARNA MERAH (PACK);A0004;25
LABEL TOM & JERRY BULAT NO. 113 WARNA ORANGE (PACK);A0005;25
LABEL TOM & JERRY BULAT NO. 113 WARNA HIJAU (PACK);A0006;25
LABEL TOM & JERRY BULAT NO. 113 WARNA KUNING (PACK);A0007;25
LABEL TOM & JERRY BULAT NO. 113 WARNA PUTIH (PACK);A0008;25
LABEL TOM & JERRY BULAT NO. 113 WARNA PINK (PACK);A0009;25
LABEL TOM N JERRY NO.121;A0010;0
LABEL TOM N JERRY NO.103;A0011;25
KERTAS HVS A4;A0012;11
PULPEN HITAM;A0013;66
PULPEN MERAH;A0014;172
TIPE - X;A0015;26
STABILO;A0016;8
PENGGARIS;A0017;5
GUNTING;A0018;4
AMPLOP PUTIH;A0019;400
AMPLOP COKLAT SEAL;A0020;200
AMPLOP COKLAT;A0021;300
AMPLOP TALI;A0022;150
MAP PLASTIK BENING;A0023;27
BATU BATERAI A3;A0024;82
BATU BATERAI A2;A0025;428
SPIDOL HITAM;A0026;78
SPIDOL HITAM PERMANEN;A0027;0
SPIDOL MERAH;A0028;32
SPIDOL PUTIH;A0029;44
ISI STAPLES KECIL;A0030;79
ISI STAPLES BESAR;A0031;14
STAPLES;A0032;13
MATERAI;A0033;304
DOUBLE TAPE PUTIH;A0034;11
DOUBLE TAPE FOAM;A0035;31
SHEET PROTECTOR ;A0036;341
BANTEX ;A0037;13
BOX FILE BINDEX;A0038;5
PAPAN JALAN;A0039;26
SURAT LEMBURAN ;A0040;16
SUSU ;A0041;552
AIR MINERAL;A0042;1656
TEH BOTOL;A0043;1176
KALKULATOR CITIZEN TYPE SDC 868 L;A0044;5
DELI PENA MEJA PULPEN PEN SMILE DESK PEN STAND 0.7MM - HITAM;A0045;36
TOPRON PEMBERSIH KERAMIK , PORCELAIN BOTOL 1 LITER ;A0046;9
PORSTEX;A0047;9
KOPI KAPAL API 380 GR;A0048;0
HAIRNET KAIN;A0049;28
HAIRNET DISPOSABLE;A0050;0
GULA PASIR;A0051;2
TISSUE;A0052;58
LATEX SARUNG TANGAN ;A0053;203
MASKER;A0054;22
SHUNTON P10 80GR - KAMPER ;A0055;22
PLASTIK LAMINATIN ;A0056;500
TINTA PRINTER L3201 BIRU;A0057;20
TINTA PRINTER L3201 PINK;A0058;21
TINTA PRINTER L3201 KUNING;A0059;21
TINTA PRINTER L3201 HITAM;A0060;36
TINTA STEMPEL;A0061;8
TINTA LX-310;A0062;9
LAMPU PHILIPS LEDTUBE 18 W;A0063;36
HAND SANITIZER CAIR 5 LITER PURELIZER ASEPTIC 5L;A0064;2
SABUN LANTAI ;A0065;15
SABUN CUCI PIRING ;A0066;8
SABUN CUCI TANGAN;A0067;22
DETERJEN PEWANGI PAKAIAN;A0068;0
DETERJEN CAIR;A0069;0
STICKY NOTE;A0070;3
BETADINE;A0071;14
KAIN KASA;A0072;5
OBAT MAAG;A0073;0
MINYAK KAYU PUTIH;A0074;4
HANDSPLAST WARNA WARNI;A0075;8
RIVANOL;A0076;24
ALKOHOL 70 % 100ML;A0077;10
KAPAS PEMBALUT;A0078;14
SAPU LANTAI;A0079;0
SAPU LOBBY;A0080;5
SAPU LIDI;A0081;5
SAPU SAWANG;A0082;2
PENGKI;A0083;7
PEL - PELAN;A0084;12
EMBER;A0085;6
GAYUNG;A0086;0
GANTUNGAN SAPU 5 SLOT;A0087;12
PAYUNG;A0088;2
PLASTIK SAMPAH;A0089;0
ISI PULPEN DELI;A0090;18
KOTAK TISSUE;A0091;11
KOTAK OBAT;A0092;10
BISNIS FILE ;A0092;0
TRIGONAL;A0093;42
BIOPLASENTO;A0094;1
PARACETAMOL;A0095;31
OBAT MATA Y-RINS;A0096;1
KWITANSI;A0097;24
BUKU TULIS;A0098;32
BUKU FOLIO;A0099;2
NOTA;A0100;29
SEMPROTAN AIR;A0101;25
EM4 PERTANIAN;A0102;11
EM4 LIMBAH ORGANIK;A0103;9
BAYGON;A0104;18
KUAS ROLL BULU KECIL 4INC;A0105;10
KUAS ROLL BULU BESAR 9INC;A0106;10
KUAS UKURAN 2 INC;A0107;13
KUAS UKURAN 3 INC;A0108;16
CAT TEMBOK ARIES ( WHITE) 25 KG;A0109;0
CAT TEMBOK ARIES ( WHITE) 5 KG;A0110;2
CAT ANTI KARAT;A0111;7
FLASHBAND;A0112;8
ASPAL CAIR;A0113;3
SERAT FIBER ANTI BOCOR;A0114;15
AQUAPROOF;A0115;8
SEALANT;A0116;2
PILOX WARNA BIRU;A0117;24
PILOX WARNA HITAM;A0118;24
PILOX WARNA MERAH;A0119;9
LAYAR PROJECTOR;A0120;0
LAKBAN MERAH KAIN;A0121;4
LAKBAN GYPSUM;A0122;5
SERAGAM KERJA WARNA KUNING UK S;A0123;0
SERAGAM KERJA WARNA KUNING UK L;A0124;0
SERAGAM KERJA WARNA KUNING UK XXXL;A0125;5
SERAGAM KERJA WARNA KUNING UK M;A0126;0
SERAGAM KERJA WARNA KUNING UK XL;A0127;6
SERAGAM KERJA WARNA KUNING UK XXL;A0128;1
SERAGAM KERJA WARNA HITAM UK M;A0129;0
SERAGAM KERJA WARNA HITAM UK XL;A0130;0
SERAGAM KERJA WARNA HITAM XXXL;A0131;3
SERAGAM KERJA WARNA HITAM XXL;A0132;19
SERAGAM KERJA WARNA HIJAU XXL;A0133;12
SERAGAM KERJA WARNA HIJAU XL;A0134;0
SERAGAM KERJA WARNA BIRU UK XL;A0135;13
SERAGAM KERJA WARNA BIRU UK L ( SAMPLE );A0136;0
SERAGAM KERJA WARNA BIRU UK XXL;A0137;12
CELANA KERJA UKURAN 31;A0138;3
CELANA KERJA UKURAN 32;A0139;0
CELANA KERJA UKURAN 33;A0140;6
CELANA KERJA UKURAN 34;A0141;20
CELANA KERJA UKURAN 35;A0142;0
CELANA KERJA UKURAN 36;A0143;0
CELANA KERJA UKURAN 38;;
CELANA KERJA UKURAN 37;A0144;0
CELANA KERJA UKURAN 41;A0145;0
CELANA KERJA UKURAN 42;A0146;22
CELANA KERJA UKURAN 43;A0147;0
JAS DISPOSABLE;A0148;7
APD HIJAU XL;A0149;3
APD HIJAU L;A0150;2
APD HIJAU M;A0151;9
APD BIRU 2XL;A0152;0
APD BIRU 3XL;A0153;0
APD BIRU 4XL;A0154;0
LAMPU HANNOCHS 50W;A0155;79
LAMPU HANNOCHS 13W;A0156;28
LAMPU HANNOCHS 32W;A0157;19
LAMPU SHIMATA PLUS S20;A0158;53
LAMPU EMERGENCY ;A0159;2
LAMPU EXIT KANAN;A0160;2
CAT EPODUR BRIGHT BLUE;A0161;18
CAT EPODUR GREEN;A0162;0
CAT EPODUR BLACK;A0163;13
KEMOCENG;A0164;0
SALONPAS;A0165;37
ISI CUTTER;A0166;13
KOTAK SAMPAH KECIL;A0167;6
PEMBERSIH KACA;A0168;1
SIKAT CLOSET;A0169;14
KANEBO;A0170;0
SHAMPO MOBIL;A0171;0
PEMBOLONG KERTAS;A0172;7
COMPOUND;A0173;0
INSTO;A0174;4
GLADE ;A0175;9
KUNCI SLOT KAMAR MANDI;A0176;23
PIRING MAKAN;A0177;100
SENDOK MAKAN;A0178;85
GARPU;A0179;14
GELAS STAINLES;A0180;65
STIKER FOOM;A0181;188
HELM PROYEK PUTIH;A0182;4
WASTAFEL LEHER ANGSA;A0183;2
METERAN;A0184;1
SENDOK SEMEN;A0185;1
FLOOR DRAIN;A0186;14
LASERJET BLACK;A0187;9
KONTAINER FOOD;A0188;15
TEMPAT RAK PAYUNG;A0189;8
KESET;A0190;5
SANDAL;A0191;3
SANDAL LAB;A0192;-5
;;
;;
;;
;;
;;
;;
;;
;;
;;
;;
;;
;;
;;
;;
;;
;;
;;
;;
;;
;;
;;
;;
;;
;;
;;
;;
;;
;;
;;
;;
;;
;;
;;
;;
;;
;;
;;
;;
;;
;;
;;
;;
;;
;;
;;
;;
;;
;;
;;
;;
;;
;;
;;
;;
;;
;;
;;
;;
;;
;;
;;
;;
;;
;;
;;
;;
;;
;;
;;
;;
;;
;;
;;
;;
;;
;;
;;
;;
;;
;;
;;
;;
;;
;;
;;
;;
;;
;;
;;
;;
;;
;;
;;
;;
;;
;;
;;
;;
;;
;;
;;
;;
;;
;;
;;
;;
;;
;;
;;
;;
;;
;;
;;
;;
;;
;;
;;
;;
;;
;;
;;
;;
;;
;;
;;
;;
;;
;;
;;
;;
;;
;;
;;
;;
;;
;;
;;
;;
;;
;;
;;
;;
;;
;;
;;
;;
;;
;;
;;
;;
;;
;;
;;
;;
;;
;;
;;
;;
;;
;;
;;
;;
;;
;;
;;
;;
;;
;;
;;
;;
;;
;;
;;
;;
;;
;;
;;
;;
;;
;;
;;
;;
;;
;;
;;
;;
;;
;;
;;
;;
;;
;;
;;
;;
;;
;;
;;
;;
;;
;;
;;
;;
;;
;;
;;
;;
;;
;;
;;
;;
;;
;;
;;
;;
;;
;;
;;
;;
;;
;;
;;
;;
;;
;;
;;
;;
;;
;;
;;
;;
;;
;;
;;
;;
;;
;;
;;
;;
;;
;;
;;
;;
;;
;;
;;
;;
;;
;;
;;
;;
;;
;;
;;
;;
;;
;;
;;
;;
;;
;;
;;
;;
;;
;;
;;
;;
;;
;;
;;
;;
;;
;;
;;
;;
;;
;;
;;
;;
;;
;;
;;
;;
;;
;;
;;
;;
;;
;;
;;
;;
;;
;;
;;
;;
;;
;;
;;
;;
;;
;;
;;
;;
;;
;;
;;
;;
;;
;;
;;
;;
;;
;;
;;
;;
;;
;;
;;
;;
;;
;;
;;
;;
;;
;;
;;
;;
;;
;;
;;
;;
;;
;;
;;
;;
;;
;;
;;
;;
;;
;;
;;
;;
;;
;;
;;
;;
;;
;;
;;
;;
;;
;;
;;
;;
;;
;;
;;
;;
;;
;;
;;
;;
;;
;;
;;
;;
;;
;;
;;
;;
;;
;;
;;
;;
;;
;;
;;
;;
;;
;;
;;
;;
;;
;;
;;
;;
;;
;;
;;
;;
;;
;;
;;
;;
;;
;;
;;
;;
;;
;;
;;
;;
;;
;;
;;
;;
;;
;;
;;
;;
;;
;;
;;
;;
;;
;;
;;
;;
;;
;;
;;
;;
;;
;;
;;
;;
;;
;;
;;
;;
;;
;;
;;
;;
;;
;;
;;
;;
;;
;;
;;
;;
;;
;;
;;
;;
;;
;;
;;
;;
;;
;;
;;
;;
;;
;;
;;
;;
;;
;;
;;
;;
;;
;;
;;
;;
;;
;;
;;
;;
;;
;;
;;
;;
;;
;;
;;
;;
;;
;;
;;
;;
;;
;;
;;
;;
;;
;;
;;
;;
;;
;;
;;
;;
;;
;;
;;
;;
;;
;;
;;
;;
;;
;;
;;
;;
;;
;;
;;
;;
;;
;;
;;
;;
;;
;;
;;
;;
;;
;;
;;
;;
;;
;;
;;
;;
;;
;;
;;
;;
;;
;;
;;
;;
;;
;;
;;
;;
;;
;;
;;
;;
;;
;;
;;
;;
;;
;;
;;
;;
;;
;;
;;
;;
;;
;;
;;
;;
;;
;;
;;
;;
;;
;;
;;
;;
;;
;;
;;
;;
;;
;;
;;
;;
;;
;;
;;
;;
;;
;;
;;
;;
;;
;;
;;
;;
;;
;;
;;
;;
;;
;;
;;
;;
;;
;;
;;
;;
;;
;;
;;
;;
;;
;;
;;
;;
;;
;;
;;
;;
;;
;;
;;
;;
;;
;;
;;
;;
;;
;;
;;
;;
;;
;;
;;
;;
;;
;;
;;
;;
;;
;;
;;
;;
;;
;;
;;
;;
;;
;;
;;
;;
;;
;;
;;
;;
;;
;;
;;
;;
;;
;;
;;
;;
;;
;;
;;
;;
;;
;;
;;
;;
;;
;;
;;
;;
;;
;;
;;
;;
;;
;;
;;
;;
;;
;;
;;
;;
;;
;;
;;
;;
;;
;;
;;
;;
;;
;;
;;
;;
;;
;;
;;
;;
;;
;;
;;
;;
;;
;;
;;
;;
;;
;;
;;
;;
;;
;;
;;
;;
;;
;;
;;
;;
;;
;;
;;
;;
;;
;;
;;
;;
;;
;;
;;
;;
;;
;;
;;
;;
;;
;;
;;
;;
;;
;;
;;
;;
;;
;;
;;
;;
;;
;;
;;
;;
;;
;;
;;
;;
;;
;;
;;
;;
;;
;;
;;
;;
;;
;;
;;
;;
;;
;;
;;
;;
;;
;;
;;
;;
;;
;;
;;
;;
;;
;;
;;
;;
;;
;;
;;
;;
;;
;;
;;
;;
;;
;;
;;
;;
;;
;;
;;
;;
;;
;;
;;
;;
;;
;;
;;
;;
;;
;;
;;
;;
;;
;;
;;
;;
;;
;;
;;
;;
;;
;;
;;
;;
;;
;;
;;
;;
;;
;;
;;
;;
;;
;;
;;
;;
;;
;;
;;
;;
;;
;;
;;
;;
;;
;;
;;
;;
;;
;;
;;
;;
;;
;;
;;
;;
;;
;;
;;
;;
;;
;;
;;
;;
;;
;;
;;
;;
;;
;;
;;
;;
;;
;;
;;
;;
