No,Tanggal,Waktu,Tipe,ID Sparepart,Nama Item,Qty,Harga (Rp),PIC,No Report,Mesin,Jenis Pembelian,Vendor,Keterangan
1,22/7/2026,12.09,IN,MTC-SP-346,Bearing HK1012,1,21000,,,,Cash,MM Teknik,
2,22/7/2026,12.09,IN,,Bearing 6901,3,33000,,,,Cash,MM Teknik,
3,22/7/2026,12.09,IN,MTC-SP-346,Bearing HK1012,2,21000,,,,Cash,MM Teknik,
4,21/7/2026,12.09,OUT,MTC-SP-347,Bearing 60003,1,25000,Fandi,,Mesin Capping Cam Liquid,,,[Mesin: Mesin Capping Cam Liquid] Pergantian part mesin cam liquid
5,21/7/2026,12.09,OUT,MTC-SP-348,Bearing 608,4,18000,Fandi,,Mesin Capping Cam Liquid,,,[Mesin: Mesin Capping Cam Liquid] Pergantian part mesin cam liquid
6,21/7/2026,15.19,IN,MTC-SP-302,Stopkontak isi 2,10,43124,,,,,,Penerimaan Pengadaan PR PR04312 (PO P12988) · PT. GRAHA INOVASI GLOBAL
7,21/7/2026,15.29,IN,MTC-SP-303,Stopkontak isi 3,10,61734,,,,,,Penerimaan Pengadaan PR PR04312 (PO P12988) · PT. GRAHA INOVASI GLOBAL
8,21/7/2026,15.29,IN,MTC-SP-304,Stopkontak isi 5,6,63174,,,,,,Penerimaan Pengadaan PR PR04312 (PO P12988) · PT. GRAHA INOVASI GLOBAL
9,21/7/2026,15.34,IN,MTC-SP-004,Cable Tie 3.6x300,5,15000,,,,,,Penerimaan Pengadaan PR 1145/2025 (PO P12524) · PT. HUTAMA SINERGI KARYA
10,21/7/2026,15.34,IN,MTC-SP-268,Bearing 6205 RS SKF,20,98400,,,,,,Penerimaan Pengadaan PR 1097/2025 (PO P12524) · PT. HUTAMA SINERGI KARYA
11,21/7/2026,22.19,IN,MTC-SP-305,Heating plate upper sealing JBL-150,1,1128060,,,,,,"PO · Shenzhen Jinbaolian Automation Equipment Co., Ltd."
12,21/7/2026,20.57,IN,MTC-SP-331,Main shaft bearing blister JBL-150,6,850000,,,,,,"PO · Shenzhen Jinbaolian Automation Equipment Co., Ltd."
13,21/7/2026,20.58,IN,MTC-SP-332,Shaft sleeves JBL-150,10,58270,,,,,,"PO · Shenzhen Jinbaolian Automation Equipment Co., Ltd."
14,21/7/2026,20.58,IN,MTC-SP-333,Cam shaft cutting JBL-150,2,1657500,,,,,,"PO · Shenzhen Jinbaolian Automation Equipment Co., Ltd."
15,21/7/2026,20.59,IN,MTC-SP-334,Blade cutting JBL-150,3,1600000,,,,,,"PO · Shenzhen Jinbaolian Automation Equipment Co., Ltd."
16,21/7/2026,20.59,IN,MTC-SP-335,"Roller perforated, forming, sealing JBL-150",3,1675100,,,,,,"PO · Shenzhen Jinbaolian Automation Equipment Co., Ltd."
17,21/7/2026,21.02,IN,MTC-SP-336,Brushed magnetic pump (Filling),5,2900000,,,,,,"PO · Shenzhen Jinbaolian Automation Equipment Co., Ltd."
18,21/7/2026,21.03,IN,MTC-SP-337,Compact cylinder SJA (Mesin lanyard),3,995880,,,,,,"PO · Shenzhen Jinbaolian Automation Equipment Co., Ltd."
19,21/7/2026,21.04,IN,MTC-SP-338,Mold Set,1,30850000,,,,,,"PO · Shenzhen Jinbaolian Automation Equipment Co., Ltd."
20,21/7/2026,21.05,IN,MTC-SP-339,"ABS Tray, Custom sizing (CT POD & BEAT)",3,1810350,,,,,,"PO · Shenzhen Jinbaolian Automation Equipment Co., Ltd."
21,21/7/2026,21.06,IN,MTC-SP-340,Cylinder pneumatic (Blister Pod X),4,952000,,,,,,"PO · Shenzhen Jinbaolian Automation Equipment Co., Ltd."
22,21/7/2026,21.08,IN,MTC-SP-341,Dotted cutting knife 62.1x15x0.26,30,95200,,,,,,"PO · Shenzhen Jinbaolian Automation Equipment Co., Ltd."
23,21/7/2026,21.20,IN,MTC-SP-342,Heating plate forming upper and lower,1,3002188,,,,,,"PO · Shenzhen Jinbaolian Automation Equipment Co., Ltd."
24,21/7/2026,21.22,IN,MTC-SP-343,Linear bearings with a diameter of 40x50,10,131436,,,,,,"PO · Shenzhen Jinbaolian Automation Equipment Co., Ltd."
25,21/7/2026,21.22,IN,MTC-SP-344,Cam Blister JBL-150,3,1675698,,,,,,"PO · Shenzhen Jinbaolian Automation Equipment Co., Ltd."
26,21/7/2026,21.23,IN,MTC-SP-345,Dotted cutting knife 56.55×18.07×0.73,30,95200,,,,,,"PO · Shenzhen Jinbaolian Automation Equipment Co., Ltd."
27,21/7/2026,19.40,OUT,MTC-SP-071,Timing Belt HTD 1295 - 5M,1,1049394,,,,,,[PIC: Permana] Untuk pergantian part cellophane
28,21/7/2026,11.01,OUT,,Bearing 6800ZZ (NTN),4,37879,,,,,,[PIC: Acal] Pergantian part pada mesin cellophane device tension meter
29,21/7/2026,09.14,IN,MTC-SP-346,Bearing HK1012,6,21000,,,,,,Cash · MM Bearing
30,21/7/2026,16.13,IN,MTC-SP-347,Bearing 60003,4,25000,,,,,,Cash · Sinar Kreasi Mandiri
31,21/7/2026,16.13,IN,MTC-SP-348,Bearing 608,4,18000,,,,,,Cash · Sinar Kreasi Mandiri
32,21/7/2026,12.09,IN,MTC-SP-348,Bearing 608,4,18000,,,,Cash,Sinar Kreasi Mandiri,
33,21/7/2026,12.09,IN,MTC-SP-347,Bearing 60003,4,25000,,,,Cash,Sinar Kreasi Mandiri,
34,20/7/2026,12.09,IN,MTC-SP-346,Bearing HK1012,6,21000,,,,Cash,MM Bearing,
35,17/7/2026,12.10,OUT,,Bearing 6800ZZ (NTN),4,37879,Acal,,,,,Pergantian part pada mesin cellophane device tension meter
36,16/7/2026,12.10,OUT,MTC-SP-071,Timing Belt HTD 1295 - 5M,1,1049394,Permana,,,,,Untuk pergantian part cellophane
37,14/7/2026,12.10,IN,MTC-SP-345,Dotted cutting knife 56.55×18.07×0.73,30,95200,,,,PO,"Shenzhen Jinbaolian Automation Equipment Co., Ltd.",
38,14/7/2026,12.10,IN,MTC-SP-344,Cam Blister JBL-150,3,1875099,,,,PO,"Shenzhen Jinbaolian Automation Equipment Co., Ltd.",
39,14/7/2026,12.10,IN,MTC-SP-343,Linear bearings with a diameter of 40x50,16,131409,,,,PO,"Shenzhen Jinbaolian Automation Equipment Co., Ltd.",
40,14/7/2026,12.10,IN,MTC-SP-342,Heating plate forming upper and lower,1,3000159,,,,PO,"Shenzhen Jinbaolian Automation Equipment Co., Ltd.",
41,14/7/2026,12.10,IN,MTC-SP-341,Dotted cutting knife 62.1x15x0.26,30,95200,,,,PO,"Shenzhen Jinbaolian Automation Equipment Co., Ltd.",
42,14/7/2026,12.10,IN,MTC-SP-340,Cylinder pneumatic (Blister Pod X),4,350200,,,,PO,"Shenzhen Jinbaolian Automation Equipment Co., Ltd.",
43,14/7/2026,12.10,IN,MTC-SP-339,"ABS Tray, Custom sizing (CT POD & BEAT)",3,1829200,,,,PO,"Shenzhen Jinbaolian Automation Equipment Co., Ltd.",
44,14/7/2026,12.10,IN,MTC-SP-338,Mold Set,1,30600000,,,,PO,"Shenzhen Jinbaolian Automation Equipment Co., Ltd.",
45,14/7/2026,12.10,IN,MTC-SP-337,Compact cylinder SJA (Mesin lanyard),3,965600,,,,PO,"Shenzhen Jinbaolian Automation Equipment Co., Ltd.",
46,14/7/2026,12.10,IN,MTC-SP-336,Brushed magnetic pump (Filling),5,2006000,,,,PO,"Shenzhen Jinbaolian Automation Equipment Co., Ltd.",
47,14/7/2026,12.10,IN,MTC-SP-335,"Roller perforated, forming, sealing JBL-150",3,1875100,,,,PO,"Shenzhen Jinbaolian Automation Equipment Co., Ltd.",
48,14/7/2026,12.10,IN,MTC-SP-334,Blade cutting JBL-150,2,1500080,,,,PO,"Shenzhen Jinbaolian Automation Equipment Co., Ltd.",
49,14/7/2026,12.10,IN,MTC-SP-332,Shaft sleeves JBL-150,16,56270,,,,PO,"Shenzhen Jinbaolian Automation Equipment Co., Ltd.",
50,14/7/2026,12.10,IN,MTC-SP-333,Cam shaft cutting JBL-150,2,1687590,,,,PO,"Shenzhen Jinbaolian Automation Equipment Co., Ltd.",
51,14/7/2026,12.10,IN,MTC-SP-331,Main shaft bearing blister JBL-150,6,850000,,,,PO,"Shenzhen Jinbaolian Automation Equipment Co., Ltd.",
52,9/7/2026,12.10,IN,,Heating plate upper sealing JBL 150,1,1125060,,,,PO,"Shenzhen Jinbaolian Automation Equipment Co., Ltd.",
53,2/7/2026,12.10,LOG,,Skun Y 1.25,3,60000,,,,Cash,Sinar Electric,[⚡ Insidentil / Sekali Pakai] Untuk kebutuhan wiring
54,1/7/2026,12.10,LOG,,"SOK Rucika AW 3/4""",1,5000,,,,Cash,Abun,[🚨 Emergency / Urgent] Untuk WTP Gedung G1
55,1/7/2026,12.10,LOG,,"KDD Rucika AW PVC 3/4""",1,8000,,,,Cash,Abun,[🚨 Emergency / Urgent] Untuk WTP Gedung G1
56,1/7/2026,12.10,LOG,,SPI 7X8X300,4,152000,,,,Cash,MM Teknik,[🚨 Emergency / Urgent] Untuk Pemasangan SPI Mesin Blister Pod X
57,1/7/2026,12.10,LOG,,Per Tekan Baja T 3 Id 23 P 100,2,70000,,,,Cash,Technical Outlet,[⚡ Insidentil / Sekali Pakai] Untuk Modif Mesin Capping
58,1/7/2026,12.10,LOG,,Per Tekan Baja T 3.5 Id 23 P 100,2,80000,,,,Cash,Technical Outlet,[⚡ Insidentil / Sekali Pakai] Untuk Modif Mesin Capping
59,1/7/2026,12.10,LOG,,Per Tekan Baja T 2.5 Id 23 P 100,2,60000,,,,Cash,Technical Outlet,[⚡ Insidentil / Sekali Pakai] Untuk Modif Mesin Capping
60,26/6/2026,12.10,LOG,,Mata Bor Nachi 6.5mm,1,47000,,,,,Sinar Kreasi Mandiri,[🚨 Emergency / Urgent] Pemakaian harian
61,26/6/2026,12.10,LOG,,Mata Bor Nachi 5.5mm,1,35750,,,,,Sinar Kreasi Mandiri,[🚨 Emergency / Urgent] Pemakaian harian
62,26/6/2026,12.10,LOG,,Mata Bor Nachi 5mm,1,27250,,,,,Sinar Kreasi Mandiri,[🚨 Emergency / Urgent] Pemakaian harian
63,26/6/2026,12.10,IN,MTC-SP-248,Bearing 6205 Rs SKF,20,86450,,,,PO,PT HUTAMA SINERGI KARYA,[Penerimaan Pengadaan PR: PR03646 / PO: P13881]
64,26/6/2026,12.10,IN,MTC-SP-004,Cable Tie 3.6x300,5,15200,,,,PO,PT HUTAMA SINERGI KARYA,[Penerimaan Pengadaan PR: PR04111 / PO: P13734]
65,26/6/2026,12.10,LOG,,baut mur baja 12.9 M-8x50mm Full drat,50,18770,,,,PO,PT HUTAMA SINERGI KARYA,[Penerimaan Pengadaan - Langsung Pakai] Alasan: Sparepart untuk mesin blister pod X
66,26/6/2026,12.10,IN,,Stopkontak isi 2,10,43124,,,,PO,PT NARAYA INOVASI GLOBAL,[Penerimaan Pengadaan PR: PR04196 / PO: P13888]
67,26/6/2026,12.10,IN,,Stopkontak isi 3,10,61114,,,,PO,PT NARAYA INOVASI GLOBAL,[Penerimaan Pengadaan PR: PR04196 / PO: P13888]
68,26/6/2026,12.10,IN,,Stopkontak isi 5,5,40375,,,,PO,PT NARAYA INOVASI GLOBAL,[Penerimaan Pengadaan PR: PR04196 / PO: P13888]
69,26/6/2026,12.10,IN,,Oil 10 Liter CR-46,2,1320000,,,,PO,PT SHARPRINDO DINAMIKA UTAMA,[Penerimaan Pengadaan PR: PR04297 / PO: P13902]
70,26/6/2026,12.10,IN,,Oil Separator MCA 15011,2,572800,,,,PO,PT SHARPRINDO DINAMIKA UTAMA,[Penerimaan Pengadaan PR: PR04297 / PO: P13902]
71,26/6/2026,12.10,IN,,Oil Filter MCA15008,2,375200,,,,PO,PT SHARPRINDO DINAMIKA UTAMA,[Penerimaan Pengadaan PR: PR04297 / PO: P13902]
72,26/6/2026,12.10,LOG,,Kabel Duck NISO CURVE 20 x 70,100,41000,,,,PO,PT NARAYA INOVASI GLOBAL,[Penerimaan Pengadaan - Langsung Pakai] Alasan: Kebutuhan produksi (Repeat Order)
73,26/6/2026,12.10,LOG,,Gembok Popeye 30 Panjang,1,25000,,,,,Abun,[⚡ Insidentil / Sekali Pakai] Untuk Gembok Kompresor F2
74,26/6/2026,12.10,LOG,,"Cutting Wheel WD 4""",1,80000,,,,,Abun,[⚡ Insidentil / Sekali Pakai] Consumable part
75,26/6/2026,12.10,LOG,,Pylox Nippon Paint No 200,2,38000,,,,,Abun,[⚡ Insidentil / Sekali Pakai] Untuk Pewarnaan Kursi F2
76,26/6/2026,12.10,LOG,,Roofing 12 x 30,3,52000,,,,,Abun,[⚡ Insidentil / Sekali Pakai] Untuk kebutuhan pintu D2
77,25/6/2026,12.10,LOG,,"Kuas Rolset 1 1/2""",1,12000,,,,Cash,Abun,[⚡ Insidentil / Sekali Pakai] Untuk Pengecatan Pintu F2 Belakang
78,25/6/2026,12.10,LOG,,Cat Ftalit 115-610 Stone Grey,1,100000,,,,Cash,Abun,[⚡ Insidentil / Sekali Pakai] Untuk Pengecatan Pintu F2 Belakang
79,25/6/2026,12.10,LOG,,"Water Mur Galv 3/4""",4,160000,,,,Cash,Abun,[⚡ Insidentil / Sekali Pakai] Untuk Instalasi Kompresor F2
80,25/6/2026,12.10,LOG,,"V Sock Galv 3/4"" X 1/2""",1,16000,,,,Cash,Abun,[⚡ Insidentil / Sekali Pakai] Untuk Instalasi Kompresor F2
81,25/6/2026,12.10,LOG,,Mata Gergaji Beis Tekiro 24 TPI,1,20000,,,,,Abun,[⚡ Insidentil / Sekali Pakai] Untuk Pemakaian Harian
82,25/6/2026,12.10,LOG,,Fitting Lampu Gatung Broco / Itami Hitam,1,8000,,,,Cash,Abun,[⚡ Insidentil / Sekali Pakai] Untuk Lampu F2
83,25/6/2026,12.10,LOG,,Van Belt A27,4,100000,,,,,Egi Teknik,[🔄 Rutin / Terus Menerus] Untuk mesin capping 15Ml
84,24/6/2026,12.10,LOG,,Klem Pipa PVC 1/2,1,10000,,,,Cash,Abun,[⚡ Insidentil / Sekali Pakai] Instalasi AC D8 dan D2
85,24/6/2026,12.10,LOG,,"Pipa Rucika STD 1/2"" AW",1,28000,,,,Cash,Abun,[⚡ Insidentil / Sekali Pakai] Instalasi AC D8 dan D2
86,24/6/2026,12.10,LOG,,"Tee Rucika AW 1/2""",1,6000,,,,Cash,Abun,[⚡ Insidentil / Sekali Pakai] Instalasi AC D8 dan D2
87,24/6/2026,12.10,LOG,,"Pipa Rucika STD 3/4"" AW",1,38000,,,,Cash,Abun,[⚡ Insidentil / Sekali Pakai] Instalasi AC D8 dan D2
88,24/6/2026,12.10,LOG,,Steker Ac Broco set,1,90000,,,,Cash,Abun,[⚡ Insidentil / Sekali Pakai] Instalasi AC D8
89,24/6/2026,12.10,LOG,,"Cutting Wheel WD 4""",10,50000,,,,Cash,Abun,[⚡ Insidentil / Sekali Pakai] Consumable part
90,24/6/2026,12.10,LOG,,Dinabolt 12X129,5,30000,,,,Cash,Abun,[⚡ Insidentil / Sekali Pakai] Perbaikan pintu D2
91,24/6/2026,12.10,LOG,,"TEE Galv 1""",1,32000,,,,Cash,Abun,[⚡ Insidentil / Sekali Pakai] Instalasi Kompresor F2
92,24/6/2026,12.10,LOG,,"Sealtape Onda 1/2""",6,36000,,,,Cash,Abun,[⚡ Insidentil / Sekali Pakai] Instalasi Kompresor F2
93,24/6/2026,12.10,LOG,,"Sok 1""",6,75000,,,,Cash,Abun,[⚡ Insidentil / Sekali Pakai] Instalasi Kompresor F2
94,24/6/2026,12.10,LOG,,"Sock 3/4""",7400,59200,,,,Cash,Abun,[⚡ Insidentil / Sekali Pakai] Instalasi Kompresor F2
95,24/6/2026,12.10,LOG,,Klem Kabel Climax No.17,1,25000,,,,Cash,Abun,[⚡ Insidentil / Sekali Pakai] Instalasi Kompresor F2
96,24/6/2026,12.10,LOG,,Kabel Supreme NYA 4mm,15,224280,,,,Cash,Abun,[⚡ Insidentil / Sekali Pakai] Instalasi Kompresor F2
97,24/6/2026,12.10,LOG,,Valve 3/8 SUS 316,1,40000,,,,Cash,Abun,[⚡ Insidentil / Sekali Pakai] Perbaikan Mesin Filling 15Ml
98,24/6/2026,12.10,LOG,,Skun SC 3.5 - 5,1,40000,,,,Cash,Abun,[⚡ Insidentil / Sekali Pakai] Instalasi Kompresor F2
99,24/6/2026,12.10,LOG,,Vinyl Sc 8.5 - 10,1,5000,,,,Cash,Abun,[⚡ Insidentil / Sekali Pakai] Instalasi Kompresor F2
100,24/6/2026,12.10,LOG,,Sok 10 mm,10,30000,,,,Cash,Abun,[⚡ Insidentil / Sekali Pakai] Instalasi Kompresor F2
101,24/6/2026,12.10,LOG,,Svbakar 6mm,1,3000,,,,Cash,Abun,[⚡ Insidentil / Sekali Pakai] Instalasi Kompresor F2
102,24/6/2026,12.10,LOG,,"TEE Rucika AW 3/4""",2,16000,,,,Cash,Abun,[⚡ Insidentil / Sekali Pakai] Instalasi AC D8 dan D2
103,24/6/2026,12.10,LOG,,SPC 10 - 03,2,20000,,,,Cash,Abun,[⚡ Insidentil / Sekali Pakai] Perbaikan Mesin Filling 15Ml
104,24/6/2026,12.10,LOG,,"Pipa Rucika ST 3/4""",3,114000,,,,Cash,Abun,[⚡ Insidentil / Sekali Pakai] Instalasi AC D8 dan D2
105,24/6/2026,12.10,LOG,,"Klem Pipa PVC 3/4""",1,13000,,,,Cash,Abun,[⚡ Insidentil / Sekali Pakai] Instalasi AC D8 dan D2
106,21/6/2026,12.10,LOG,,"Nepel Selang Kuningan 1"" X 1""",2,70000,,,,,TB 68 Jaya,[⚡ Insidentil / Sekali Pakai] Untuk Pompa Pembuangan Mixing
107,21/6/2026,12.10,LOG,,Saklar Serigai,1,25000,,,,,TB 68 Jaya,[⚡ Insidentil / Sekali Pakai] Untuk Lampu D2 atas
108,21/6/2026,12.10,LOG,,Kabel Eterna 2 x 1.5,4,64000,,,,,TB 68 Jaya,[⚡ Insidentil / Sekali Pakai] Untuk Lampu D2 atas
109,21/6/2026,12.10,LOG,,"Selang Benang Cristal 1""",8,238000,,,,,TB 68 Jaya,[⚡ Insidentil / Sekali Pakai] Untuk Pompa Pembuangan Mixing
110,17/6/2026,12.10,IN,MTC-SP-194,Sliding Bearing LM12LUU (Capping),10,76000,,,,PO,PT NARAYA INOVASI GLOBAL,[Penerimaan Pengadaan PR: PR04128 / PO: P13853]
111,17/6/2026,12.10,LOG,,Baut L Tanam M8x12,100,1140,,,,PO,PT HUTAMA SINERGI KARYA,[Penerimaan Pengadaan - Langsung Pakai] Alasan: Sparepart mesin blister pod x
112,15/6/2026,12.10,IN,,Selang PU 12 x 8 mm,1,709650,,,,PO,PT HUTAMA SINERGI KARYA,[Penerimaan Pengadaan PR: PR04111 / PO: P13734]
113,15/6/2026,12.10,IN,,Cartridge Heater 220V - M10 X 100 400W,5,200450,,,,PO,PT HUTAMA SINERGI KARYA,[Penerimaan Pengadaan PR: PR04017 / PO: P13720]
114,15/6/2026,12.10,LOG,,CAIRAN PEMBERSIH OLI MINYAK GEMUK WATERBASE OIL GREASE CLEANER 5 LITER,5,91200,,,,PO,PT HUTAMA SINERGI KARYA,[Penerimaan Pengadaan - Langsung Pakai] Alasan: Consumable untuk cleaner oli dan grease
115,14/6/2026,12.10,LOG,,Kabel (3 x 2.5),1,1375000,,,,PO,PT TRIPUTRA MITRA,[Penerimaan Pengadaan - Langsung Pakai] Alasan: Consumable part
116,13/6/2026,12.10,IN,,MCB C25,10,105735,,,,PO,PT HUTAMA SINERGI KARYA,[Penerimaan Pengadaan PR: PR04106 / PO: P13726]
117,13/6/2026,12.10,IN,,MCB C16,10,105735,,,,PO,PT HUTAMA SINERGI KARYA,[Penerimaan Pengadaan PR: PR04106 / PO: P13726]
118,13/6/2026,12.10,IN,,MCB C32,10,105735,,,,PO,PT HUTAMA SINERGI KARYA,[Penerimaan Pengadaan PR: PR04106 / PO: P13726]
119,13/6/2026,12.10,IN,,Duct Cable TC 6,100,9288,,,,PO,PT HUTAMA SINERGI KARYA,[Penerimaan Pengadaan PR: PR04017 / PO: P13720]
120,13/6/2026,12.10,IN,,Duct Cable 50 x 100,55,75000,,,,PO,PT TRIPUTRA MITRA,[Penerimaan Pengadaan PR: PR04104 / PO: P13732]
121,13/6/2026,12.10,IN,,Ball Bearing SKF 61901 - 2RS1 (Authenticity),10,88261.65,,,,PO,PT HUTAMA SINERGI KARYA,[Penerimaan Pengadaan PR: PR04017 / PO: P13720]
122,13/6/2026,12.10,LOG,,Keni PVC Polos 20mm,2,6000,,,,Cash,Abun,[⚡ Insidentil / Sekali Pakai] Instalasi Listrik Pos D2
123,13/6/2026,12.10,LOG,,Klem Conduit 20mm,10,20000,,,,Cash,Abun,[⚡ Insidentil / Sekali Pakai] Instalasi Listrik Pos D2
124,13/6/2026,12.10,LOG,,"RYU Multi cutter 4"" X 40T",1,37500,,,,Cash,Mitra 10 Bitung,[⚡ Insidentil / Sekali Pakai] Untuk keperluan pemotongan aluminium
125,12/6/2026,12.10,IN,MTC-SP-006,Cable Tie 2.5x100,5,4709,,,,PO,PT HUTAMA SINERGI KARYA,[Penerimaan Pengadaan PR: PR04111 / PO: P13734]
126,12/6/2026,12.10,IN,MTC-SP-005,Cable Tie 2.5x150,5,5837,,,,PO,PT HUTAMA SINERGI KARYA,[Penerimaan Pengadaan PR: PR04111 / PO: P13734]
127,12/6/2026,12.10,IN,,Disc Spring Washer M20 x T2.5,32,50730,,,,PO,PT HUTAMA SINERGI KARYA,[Penerimaan Pengadaan PR: PR04017 / PO: P13720]
128,10/6/2026,12.10,LOG,,WD-40 Specialist® Belt Dressing 360ml – Perawatan Belt (Anti-Slip),1,134500,,,,Cash,WD-40 Brand Indonesia,[🔄 Rutin / Terus Menerus] Untuk pelumas belt semua lini produksi
129,10/6/2026,12.10,LOG,,Skun Y 2.4,3,120000,,,,Cash,Dunia Electric,[🔄 Rutin / Terus Menerus] Up size kapasitas listrik D2
130,10/6/2026,12.10,LOG,,Kabel ties 30Cm,1,35000,,,,Cash,Dunia Electric,[🔄 Rutin / Terus Menerus] Up size kapasitas listrik D2
131,10/6/2026,12.10,LOG,,Paku Beton Hitam / Putih 5 Cm,4,24000,,,,,Abun,[⚡ Insidentil / Sekali Pakai] Up size kapasitas listrik D2
132,10/6/2026,12.10,LOG,,"Klem Pipa PVC 1 1/4""",20,70000,,,,,Abun,[⚡ Insidentil / Sekali Pakai] Up size kapasitas listrik D2
133,10/6/2026,12.10,LOG,,Kawat Las Nikko RD-260 ukuran @ 2.6 x 350 mm (5kg),1,210425,,,,PO,PT HUTAMA SINERGI KARYA,[Penerimaan Pengadaan - Langsung Pakai] Alasan: Consumable part (Repeat Order)
134,10/6/2026,12.10,IN,,As Capping CAM,200,3260,,,,PO,PT HUTAMA SINERGI KARYA,[Penerimaan Pengadaan PR: PR04110 / PO: P13722]
135,9/6/2026,12.10,LOG,,As VCN DIa 20 X 1000,1,215000,,,,,Jaya Baja Sentosa,[🚀 Project / Investasi] Untuk Mesin capping Cam liquid
136,9/6/2026,12.10,LOG,,Aluminium T.10 X 290 X 180,1,320000,,,,,Abun,[🚀 Project / Investasi] Untuk modif mesin capping 4 roda menjadi capping cam
137,9/6/2026,12.10,LOG,,Pylox Nippon Paint No. 104,1,38000,,,,,Abun,[⚡ Insidentil / Sekali Pakai] Kebutuhan pengecetan meja untuk WO
138,9/6/2026,12.10,LOG,,Pylox Nippon Paint No.200,2,76000,,,,,Abun,[⚡ Insidentil / Sekali Pakai] Kebutuhan pengecetan meja untuk WO
139,9/6/2026,12.10,LOG,,"Selot PVC 2""",3,24000,,,,,Abun,"[⚡ Insidentil / Sekali Pakai] Kebutuhan pengecetan meja untuk WO, Pengecetan casing puff test kecil, dan penggantian slot kamar mandi"
140,8/6/2026,12.10,LOG,,King Naple Hose Nipple SS304 1/8 inch / Nepel Selang Stainless Steel,10,184000,,,,,Jaya Suksestama,[🚀 Project / Investasi] Untuk mesin filling manual pompa 15ML
141,8/6/2026,12.10,LOG,,Roofing 12X30,1,30000,,,,Cash,Abun,[🚨 Emergency / Urgent] Kebutuhan untuk pemasangan plat pada pintu G2 bawah
142,8/6/2026,12.10,LOG,,"Napple Drat 8 - 1/8""",4,40000,,,,Cash,Angga Jaya Tehnik,[🚀 Project / Investasi] Kebutuhan Napple selang drat
143,8/6/2026,12.10,IN,MTC-SP-101,Pisau Porforasi,10,150000,,,,PO,PT LIMA ANUGERAH ABADI,[Penerimaan Pengadaan PR: PR03240 / PO: P11958]
144,7/6/2026,12.10,LOG,,Roofing 12X20,3,84000,,,,Cash,Abun,[🚀 Project / Investasi] Pemasangan akrilik pada pos jaga
145,7/6/2026,12.10,LOG,,Meteran WOOD 5 Meter,1,75000,,,,Cash,Abun,[🚀 Project / Investasi] Untuk Kanopi Outdoor AC G1
146,7/6/2026,12.10,LOG,,CNP Baja Ringan Orange,1,90000,,,,Cash,Abun,[🚀 Project / Investasi] Untuk Kanopi Outdoor AC G1
147,7/6/2026,12.10,LOG,,Seng Plat Galvanlum T.120 X 0.33MM,3,240000,,,,Cash,Abun,[🚀 Project / Investasi] Pelindung Kompressor di Gedung F2
148,7/6/2026,12.10,LOG,,Thinner Alaska Galon,1,120000,,,,Cash,Abun,[🚀 Project / Investasi] Pengecetan pos jaga
149,7/6/2026,12.10,LOG,,Cat Ftalit 115 - 582 Black,1,100000,,,,Cash,Abun,[🚀 Project / Investasi] Pengecetan pos jaga
150,6/6/2026,12.10,LOG,,"Seal Tape Onda 1/2""",2,12000,,,,Cash,Abun,[🚀 Project / Investasi] Pemasangan filter pada gedung G1
151,6/6/2026,12.10,LOG,,"Water Mur PVC 3/4"" Zuki",3,75000,,,,Cash,Abun,[🚀 Project / Investasi] Pemasangan filter pada gedung G1
152,6/6/2026,12.10,LOG,,"SDL Rucika AW 3/4"" X 1/2""",3,21000,,,,Cash,Abun,[🚀 Project / Investasi] Pemasangan filter pada gedung G1
153,6/6/2026,12.10,LOG,,"Keni Rucika AW 1/2""",6,24000,,,,Cash,Abun,[🚀 Project / Investasi] Pemasangan filter pada gedung G1
154,6/6/2026,12.10,LOG,,"Keni Rucika AW 3/4""",6,30000,,,,Cash,Abun,[🚀 Project / Investasi] Pemasangan filter pada gedung G1
155,6/6/2026,12.10,LOG,,Coil Spring Merah OD 12X35,2,66882,,,,Cash,Utama Askesoris Mold (Tokopedia),[🚨 Emergency / Urgent] Kebutuhan mesin cellophane line cartridge
156,5/6/2026,12.10,LOG,,Sarung Tangan 8 Benang,1,44999,,,,Cash,Abun,[🚨 Emergency / Urgent] Untuk Safety
157,5/6/2026,12.10,LOG,,Saklar AC Broco Tanam G155,1,45000,,,,Cash,Abun,[🚨 Emergency / Urgent] Perbaikan AC FG G1
158,5/6/2026,12.10,LOG,,Steker Ac Broco,1,35000,,,,Cash,Abun,[🚨 Emergency / Urgent] Perbaikan AC FG G1
159,5/6/2026,12.10,LOG,,Solasi Kabel Nitto 30M,5,65000,,,,Cash,Abun,[🚨 Emergency / Urgent] Perbaikan AC FG G1
160,3/6/2026,12.10,LOG,,Alkohol Isopropyl 99% 1 Liter,5,182900,,,,Cash,Nusa Kimia Indonesia (Tokopedia),[🚨 Emergency / Urgent] Kebutuhan Produksi
161,3/6/2026,12.10,LOG,,Reng Baja Ringan 28 Pink (0.4),2,76000,,,,Cash,Abun,[⚡ Insidentil / Sekali Pakai] Untuk kebutuhan kanopi ac outdoor produksi
162,3/6/2026,12.10,LOG,,As capping Dia 20 X 190 SS304,2,360000,,,,,,[🚨 Emergency / Urgent] Untuk penggantian As mesin capping cam
163,2/6/2026,12.10,LOG,,Stop Kontak isi 1,5,102665,,,,Cash,Pojok Jaya Elektrik,[⚡ Insidentil / Sekali Pakai] Untuk kebutuhan pemasangan CCTV di F2
164,2/6/2026,12.10,LOG,,Stop Kontak Atlantic Broco,2,1000000,,,,Cash,Sinar Electric,[⚡ Insidentil / Sekali Pakai] Pemasangan CCTV gedung D2 (dalam ruangan QC dan depan ruangan RnD)
165,1/6/2026,12.10,LOG,,Kawat Las RD 2.6 @5Kg,1,175000,,,,Cash,Abun,[🚨 Emergency / Urgent] Untuk pengelasan dan kebutuhan consumable
166,29/5/2026,12.10,IN,MTC-SP-060,Fitting T 8 - 8,9,0,,,,,,Stock report sync (sync 0 → 9)
167,29/5/2026,12.10,IN,MTC-SP-251,Bolt L Verseng M5 x 25,44,0,,,,,,Stock report sync (sync 0 → 44)
168,29/5/2026,12.10,IN,MTC-SP-188,Three Way T Dus,12,0,,,,,,Stock report sync (sync 0 → 12)
169,29/5/2026,12.10,IN,MTC-SP-190,Mounting,37,0,,,,,,Stock report sync (sync 0 → 37)
170,29/5/2026,12.10,IN,MTC-SP-194,Sliding Bearing LM12LUU (Capping),2,0,,,,,,Stock report sync (sync 0 → 2)
171,29/5/2026,12.10,IN,MTC-SP-202,Kabel Sensor Sick,5,0,,,,,,Stock report sync (sync 0 → 5)
172,29/5/2026,12.10,IN,MTC-SP-203,Fiber Optic Omron,7,0,,,,,,Stock report sync (sync 0 → 7)
173,29/5/2026,12.10,IN,MTC-SP-212,Sensor Omron EE-SX670-WR (Capping),2,0,,,,,,Stock report sync (sync 0 → 2)
174,29/5/2026,12.10,IN,MTC-SP-229,Bolt L M6 x 65,99,0,,,,,,Stock report sync (sync 0 → 99)
175,29/5/2026,12.10,IN,MTC-SP-230,Overload LRD 06,2,0,,,,,,Stock report sync (sync 0 → 2)
176,29/5/2026,12.10,IN,MTC-SP-231,Overload LRD 07,2,0,,,,,,Stock report sync (sync 0 → 2)
177,29/5/2026,12.10,IN,MTC-SP-233,Bolt L M5 X 60,100,0,,,,,,Stock report sync (sync 0 → 100)
178,29/5/2026,12.10,IN,MTC-SP-234,Bolt Hex M5 x 60,100,0,,,,,,Stock report sync (sync 0 → 100)
179,29/5/2026,12.10,IN,MTC-SP-235,Bolt L M4 X 50,94,0,,,,,,Stock report sync (sync 0 → 94)
180,29/5/2026,12.10,IN,MTC-SP-236,Bolt Hex M4 X 50,100,0,,,,,,Stock report sync (sync 0 → 100)
181,29/5/2026,12.10,IN,MTC-SP-237,Bolt Hex M6 X 60,99,0,,,,,,Stock report sync (sync 0 → 99)
182,29/5/2026,12.10,IN,MTC-SP-238,Bolt L M8 X 60,99,0,,,,,,Stock report sync (sync 0 → 99)
183,29/5/2026,12.10,IN,MTC-SP-239,Bolt Hex M8 X 60,100,0,,,,,,Stock report sync (sync 0 → 100)
184,29/5/2026,12.10,IN,MTC-SP-241,Roda 2 inchi PU,12,0,,,,,,Stock report sync (sync 0 → 12)
185,29/5/2026,12.10,IN,MTC-SP-246,Pisau Carton Sealer (FXJ 5050A),6,0,,,,,,Stock report sync (sync 0 → 6)
186,29/5/2026,12.10,IN,MTC-SP-247,Bearing 6205 ZZ NTN,2,0,,,,,,Stock report sync (sync 0 → 2)
187,29/5/2026,12.10,IN,MTC-SP-248,Bearing 6205 Rs SKF,25,0,,,,,,Stock report sync (sync 0 → 25)
188,29/5/2026,12.10,IN,MTC-SP-250,Bolt L Verseng M4 x 25,48,0,,,,,,Stock report sync (sync 0 → 48)
189,29/5/2026,12.10,IN,MTC-SP-252,Bolt L Verseng M6 x 25,50,0,,,,,,Stock report sync (sync 0 → 50)
190,29/5/2026,12.10,IN,MTC-SP-255,Dioda Bridge MIC KBPC 25A 1K V,1,0,,,,,,Stock report sync (sync 0 → 1)
191,29/5/2026,12.10,IN,MTC-SP-258,Cylinder STNC CXSM 20X30 (Piston Cap 2),3,0,,,,,,Stock report sync (sync 0 → 3)
192,29/5/2026,12.10,IN,MTC-SP-259,Bearing 6204 2RS ASB,12,0,,,,,,Stock report sync (sync 0 → 12)
193,29/5/2026,12.10,IN,MTC-SP-260,Linear Bearing LM20UU,4,0,,,,,,Stock report sync (sync 0 → 4)
194,29/5/2026,12.10,IN,MTC-SP-261,Glass Valve,20,0,,,,,,Stock report sync (sync 0 → 20)
195,29/5/2026,12.10,IN,MTC-SP-263,Compact Cylinder Pneumatic (Capping Line 1),3,0,,,,,,Stock report sync (sync 0 → 3)
196,29/5/2026,12.10,IN,MTC-SP-280,Mini Limit Switch (L-sealer),5,0,,,,,,Stock report sync (sync 0 → 5)
197,29/5/2026,12.10,IN,MTC-SP-281,Timing Belt 8M 720 / 25mm (Cellophane Device),3,0,,,,,,Stock report sync (sync 0 → 3)
198,29/5/2026,12.10,IN,MTC-SP-282,Pogo Pin (Cartridge Resistance),43,0,,,,,,Stock report sync (sync 0 → 43)
199,29/5/2026,12.10,IN,MTC-SP-283,Nozzle check valve filling,5,0,,,,,,Stock report sync (sync 0 → 5)
200,29/5/2026,12.10,IN,MTC-SP-284,BEARING LMK 20 UU (Capping Cam),7,0,,,,,,Stock report sync (sync 0 → 7)
201,29/5/2026,12.10,IN,MTC-SP-287,Solenoid 3V21008 NC,4,0,,,,,,Stock report sync (sync 0 → 4)
202,29/5/2026,12.10,IN,MTC-SP-289,Emergency Switch Schneider,10,0,,,,,,Stock report sync (sync 0 → 10)
203,29/5/2026,12.10,IN,MTC-SP-290,Socket 3 Pin 16A (PLUG),3,0,,,,,,Stock report sync (sync 0 → 3)
204,29/5/2026,12.10,IN,MTC-SP-291,Socket 3 pin 16A,2,0,,,,,,Stock report sync (sync 0 → 2)
205,29/5/2026,12.10,IN,MTC-SP-292,BEARING LM10UU (Cellophane Device),10,0,,,,,,Stock report sync (sync 0 → 10)
206,29/5/2026,12.10,IN,MTC-SP-293,V Belt A51 (Kompresor),2,0,,,,,,Stock report sync (sync 0 → 2)
207,29/5/2026,12.10,IN,MTC-SP-294,Bearing SKF 61902 - 2RS1 (Authenticity),6,0,,,,,,Stock report sync (sync 0 → 6)
208,29/5/2026,12.10,IN,MTC-SP-295,IDEC RJ1S CL D24V (Relay Blister Pod X),6,0,,,,,,Stock report sync (sync 0 → 6)
209,29/5/2026,12.10,IN,MTC-SP-296,Socket Relay IDEC RJ1S CL 24V,6,0,,,,,,Stock report sync (sync 0 → 6)
210,29/5/2026,12.10,IN,MTC-SP-297,Bearing CSK25PP,1,0,,,,,,Stock report sync (sync 0 → 1)
211,29/5/2026,12.10,IN,MTC-SP-298,IDEC RELAY RJ2S (24Vdc),3,0,,,,,,Stock report sync (sync 0 → 3)
212,29/5/2026,12.10,IN,MTC-SP-299,Socket Relay RJ2S,1,0,,,,,,Stock report sync (sync 0 → 1)
213,29/5/2026,12.10,IN,MTC-SP-300,Relay Timer H3Y (24Vdc),2,0,,,,,,Stock report sync (sync 0 → 2)
214,29/5/2026,12.10,IN,MTC-SP-301,RELAY MY4N (24Vdc),1,0,,,,,,Stock report sync (sync 0 → 1)
215,29/5/2026,12.10,IN,MTC-SP-302,Stopkontak isi 2,6,0,,,,,,Stock report sync (sync 0 → 6)
216,29/5/2026,12.10,IN,MTC-SP-303,Stopkontak isi 3,4,0,,,,,,Stock report sync (sync 0 → 4)
217,29/5/2026,12.10,IN,MTC-SP-132,Timer,6,0,,,,,,Stock report sync (sync 0 → 6)
218,29/5/2026,12.10,IN,MTC-SP-133,DC Brushed Motor Speed governor,5,0,,,,,,Stock report sync (sync 0 → 5)
219,29/5/2026,12.10,IN,MTC-SP-134,Fork Sensor Sick,5,0,,,,,,Stock report sync (sync 0 → 5)
220,29/5/2026,12.10,IN,MTC-SP-135,Photoelectric Sensor,1,0,,,,,,Stock report sync (sync 0 → 1)
221,29/5/2026,12.10,IN,MTC-SP-136,Insulator,2,0,,,,,,Stock report sync (sync 0 → 2)
222,29/5/2026,12.10,IN,MTC-SP-137,Switch ON/OFF,9,0,,,,,,Stock report sync (sync 0 → 9)
223,29/5/2026,12.10,IN,MTC-SP-138,Relay MKS2P,5,0,,,,,,Stock report sync (sync 0 → 5)
224,29/5/2026,12.10,IN,MTC-SP-139,Relay Socket PTF - 08A,64,0,,,,,,Stock report sync (sync 0 → 64)
225,29/5/2026,12.10,IN,MTC-SP-140,Relay LY2N DC,55,0,,,,,,Stock report sync (sync 0 → 55)
226,29/5/2026,12.10,IN,MTC-SP-141,Relay LY2N AC,50,0,,,,,,Stock report sync (sync 0 → 50)
227,29/5/2026,12.10,IN,MTC-SP-142,Contactor 09A,3,0,,,,,,Stock report sync (sync 0 → 3)
228,29/5/2026,12.10,IN,MTC-SP-143,Contactor 25A,6,0,,,,,,Stock report sync (sync 0 → 6)
229,29/5/2026,12.10,IN,MTC-SP-144,Relay Songle 10mF,5,0,,,,,,Stock report sync (sync 0 → 5)
230,29/5/2026,12.10,IN,MTC-SP-145,Single Phase Motor Speed Regulator,2,0,,,,,,Stock report sync (sync 0 → 2)
231,29/5/2026,12.10,IN,MTC-SP-146,Relay Socket PF0 - 083A (Socket Timer & Counter),15,0,,,,,,Stock report sync (sync 0 → 15)
232,29/5/2026,12.10,IN,MTC-SP-148,Overload LRD 12,4,0,,,,,,Stock report sync (sync 0 → 4)
233,29/5/2026,12.10,IN,MTC-SP-149,Relay MY2N DC,10,0,,,,,,Stock report sync (sync 0 → 10)
234,29/5/2026,12.10,IN,MTC-SP-176,"Tee Kombinasi Galvanish 1/4"" - 1/2""",5,0,,,,,,Stock report sync (sync 0 → 5)
235,29/5/2026,12.10,IN,MTC-SP-177,"Tee Galvanish 1""",1,0,,,,,,Stock report sync (sync 0 → 1)
236,29/5/2026,12.10,IN,MTC-SP-178,"Elbow 1""",2,0,,,,,,Stock report sync (sync 0 → 2)
237,29/5/2026,12.10,IN,MTC-SP-179,Watermoor Galvanish,1,0,,,,,,Stock report sync (sync 0 → 1)
238,29/5/2026,12.10,IN,MTC-SP-180,Taffhome Tutup Pintu Automatic,1,0,,,,,,Stock report sync (sync 0 → 1)
239,29/5/2026,12.10,IN,MTC-SP-182,Ball Valve,3,0,,,,,,Stock report sync (sync 0 → 3)
240,29/5/2026,12.10,IN,MTC-SP-183,"Elbow 1 1/2""",6,0,,,,,,Stock report sync (sync 0 → 6)
241,29/5/2026,12.10,IN,MTC-SP-185,"Double Naple Galvanish 1""",3,0,,,,,,Stock report sync (sync 0 → 3)
242,29/5/2026,12.10,IN,MTC-SP-186,"Double Naple Galvanish 3/4""",2,0,,,,,,Stock report sync (sync 0 → 2)
243,29/5/2026,12.10,IN,MTC-SP-187,"Double Naple Galvanish 1/2""",3,0,,,,,,Stock report sync (sync 0 → 3)
244,29/5/2026,12.10,IN,MTC-SP-147,Solid State Relay (SSR),4,0,,,,,,Stock report sync (sync 0 → 4)
245,29/5/2026,12.10,IN,MTC-SP-027,Ring M6,66,0,,,,,,Stock report sync (sync 0 → 66)
246,29/5/2026,12.10,IN,MTC-SP-028,Ring Per M6,191,0,,,,,,Stock report sync (sync 0 → 191)
247,29/5/2026,12.10,IN,MTC-SP-029,Bolt L M5,65,0,,,,,,Stock report sync (sync 0 → 65)
248,29/5/2026,12.10,IN,MTC-SP-030,Nut M5,290,0,,,,,,Stock report sync (sync 0 → 290)
249,29/5/2026,12.10,IN,MTC-SP-031,Ring M5,278,0,,,,,,Stock report sync (sync 0 → 278)
250,29/5/2026,12.10,IN,MTC-SP-032,Fitting Lurus 6 - 6,8,0,,,,,,Stock report sync (sync 0 → 8)
251,29/5/2026,12.10,IN,MTC-SP-033,Fitting Lurus 6 - 8,9,0,,,,,,Stock report sync (sync 0 → 9)
252,29/5/2026,12.10,IN,MTC-SP-034,Fitting Lurus 8 - 8,10,0,,,,,,Stock report sync (sync 0 → 10)
253,29/5/2026,12.10,IN,MTC-SP-035,Fitting Lurus 8 - 12,2,0,,,,,,Stock report sync (sync 0 → 2)
254,29/5/2026,12.10,IN,MTC-SP-036,Fitting Lurus 12 - 12,17,0,,,,,,Stock report sync (sync 0 → 17)
255,29/5/2026,12.10,IN,MTC-SP-037,"Fitting 6 - 1/2""",16,0,,,,,,Stock report sync (sync 0 → 16)
256,29/5/2026,12.10,IN,MTC-SP-038,"Fitting 8 - 1/2""",12,0,,,,,,Stock report sync (sync 0 → 12)
257,29/5/2026,12.10,IN,MTC-SP-039,"Fitting 12 - 1/2""",1,0,,,,,,Stock report sync (sync 0 → 1)
258,29/5/2026,12.10,IN,MTC-SP-040,"Fitting 12 - 1""",1,0,,,,,,Stock report sync (sync 0 → 1)
259,29/5/2026,12.10,IN,MTC-SP-043,"Double Naple 1/2"" - 5/8""",2,0,,,,,,Stock report sync (sync 0 → 2)
260,29/5/2026,12.10,IN,MTC-SP-044,"Fitting L 6 - 3/16""",10,0,,,,,,Stock report sync (sync 0 → 10)
261,29/5/2026,12.10,IN,MTC-SP-045,"Fitting L 6 - 3/8""",7,0,,,,,,Stock report sync (sync 0 → 7)
262,29/5/2026,12.10,IN,MTC-SP-046,"Fitting L 8 - 3/8""",11,0,,,,,,Stock report sync (sync 0 → 11)
263,29/5/2026,12.10,IN,MTC-SP-047,"Fitting L 8 - 1/2""",4,0,,,,,,Stock report sync (sync 0 → 4)
264,29/5/2026,12.10,IN,MTC-SP-048,"Fitting L 10 - 1/2""",2,0,,,,,,Stock report sync (sync 0 → 2)
265,29/5/2026,12.10,IN,MTC-SP-049,"Naple Speed Control 8 - 3/8""",8,0,,,,,,Stock report sync (sync 0 → 8)
266,29/5/2026,12.10,IN,MTC-SP-050,"Naple Speed Control 8 - 5/8""",10,0,,,,,,Stock report sync (sync 0 → 10)
267,29/5/2026,12.10,IN,MTC-SP-051,"Naple Speed Control 6 - 3/16""",5,0,,,,,,Stock report sync (sync 0 → 5)
268,29/5/2026,12.10,IN,MTC-SP-052,"Naple Speed Control 6 - 1/2""",20,0,,,,,,Stock report sync (sync 0 → 20)
269,29/5/2026,12.10,IN,MTC-SP-053,"Naple Speed Control 6 - 5/8""",10,0,,,,,,Stock report sync (sync 0 → 10)
270,29/5/2026,12.10,IN,MTC-SP-054,Fitting Y 6 - 6,17,0,,,,,,Stock report sync (sync 0 → 17)
271,29/5/2026,12.10,IN,MTC-SP-055,Fitting Y 6 - 8,19,0,,,,,,Stock report sync (sync 0 → 19)
272,29/5/2026,12.10,IN,MTC-SP-056,Fitting Y 8 - 8,4,0,,,,,,Stock report sync (sync 0 → 4)
273,29/5/2026,12.10,IN,MTC-SP-057,Fitting Y 8 - 12,13,0,,,,,,Stock report sync (sync 0 → 13)
274,29/5/2026,12.10,IN,MTC-SP-058,Fitting Y 12 - 12,15,0,,,,,,Stock report sync (sync 0 → 15)
275,29/5/2026,12.10,IN,MTC-SP-059,Fitting T 6 - 8,21,0,,,,,,Stock report sync (sync 0 → 21)
276,29/5/2026,12.10,IN,MTC-SP-061,"Silencer Pneumatic 3/8""",9,0,,,,,,Stock report sync (sync 0 → 9)
277,29/5/2026,12.10,IN,MTC-SP-062,Biaxial Cylinder TN 20 X 40S,8,0,,,,,,Stock report sync (sync 0 → 8)
278,29/5/2026,12.10,IN,MTC-SP-063,Cylinder 16 X 30 (Piston Capping),3,0,,,,,,Stock report sync (sync 0 → 3)
279,29/5/2026,12.10,IN,MTC-SP-064,Cellophane Heater,2,0,,,,,,Stock report sync (sync 0 → 2)
280,29/5/2026,12.10,IN,MTC-SP-066,Timing Belt 150L,3,0,,,,,,Stock report sync (sync 0 → 3)
281,29/5/2026,12.10,IN,MTC-SP-067,Timing Belt 270XL,5,0,,,,,,Stock report sync (sync 0 → 5)
282,29/5/2026,12.10,IN,MTC-SP-068,Timing Belt HTD 450 - 5M,4,0,,,,,,Stock report sync (sync 0 → 4)
283,29/5/2026,12.10,IN,MTC-SP-069,Timing Belt HTD 475 - 5M,2,0,,,,,,Stock report sync (sync 0 → 2)
284,29/5/2026,12.10,IN,MTC-SP-070,Timing Belt HTD 550 - 5M,1,0,,,,,,Stock report sync (sync 0 → 1)
285,29/5/2026,12.10,IN,MTC-SP-071,Timing Belt HTD 1295 - 5M,3,0,,,,,,Stock report sync (sync 0 → 3)
286,29/5/2026,12.10,IN,MTC-SP-072,V Belt A 25,3,0,,,,,,Stock report sync (sync 0 → 3)
287,29/5/2026,12.10,IN,MTC-SP-073,V Belt M28,1,0,,,,,,Stock report sync (sync 0 → 1)
288,29/5/2026,12.10,IN,MTC-SP-074,Kepala Steker,39,0,,,,,,Stock report sync (sync 0 → 39)
289,29/5/2026,12.10,IN,MTC-SP-075,Loctite,2,0,,,,,,Stock report sync (sync 0 → 2)
290,29/5/2026,12.10,IN,MTC-SP-077,Solenoid 4V21008 (AC 220V),6,0,,,,,,Stock report sync (sync 0 → 6)
291,29/5/2026,12.10,IN,MTC-SP-079,Solenoid 4V21008 (DC 24V),10,0,,,,,,Stock report sync (sync 0 → 10)
292,29/5/2026,12.10,IN,MTC-SP-080,Karet Holding,2,0,,,,,,Stock report sync (sync 0 → 2)
293,29/5/2026,12.10,IN,MTC-SP-081,Karet Capping,17,0,,,,,,Stock report sync (sync 0 → 17)
294,29/5/2026,12.10,IN,MTC-SP-082,Insulation Tape,5,0,,,,,,Stock report sync (sync 0 → 5)
295,29/5/2026,12.10,IN,MTC-SP-084,Floating Joint,4,0,,,,,,Stock report sync (sync 0 → 4)
296,29/5/2026,12.10,IN,MTC-SP-086,Solenoid 3V21008 (DC 24),4,0,,,,,,Stock report sync (sync 0 → 4)
297,29/5/2026,12.10,IN,MTC-SP-088,Nikelin,6,0,,,,,,Stock report sync (sync 0 → 6)
298,29/5/2026,12.10,IN,MTC-SP-089,Rod End Bearing,13,0,,,,,,Stock report sync (sync 0 → 13)
299,29/5/2026,12.10,IN,MTC-SP-090,Bearing 6002,17,0,,,,,,Stock report sync (sync 0 → 17)
300,29/5/2026,12.10,IN,MTC-SP-091,Bearing LM25UU,31,0,,,,,,Stock report sync (sync 0 → 31)
301,29/5/2026,12.10,IN,MTC-SP-092,Bearing 6800ZZ,2,0,,,,,,Stock report sync (sync 0 → 2)
302,29/5/2026,12.10,IN,MTC-SP-093,Bearing 680ZZ,3,0,,,,,,Stock report sync (sync 0 → 3)
303,29/5/2026,12.10,IN,MTC-SP-094,Cylinder SDA 40 x 30,1,0,,,,,,Stock report sync (sync 0 → 1)
304,29/5/2026,12.10,IN,MTC-SP-095,Bearing 6004Z,1,0,,,,,,Stock report sync (sync 0 → 1)
305,29/5/2026,12.10,IN,MTC-SP-097,Bearing 6001ZZ,4,0,,,,,,Stock report sync (sync 0 → 4)
306,29/5/2026,12.10,IN,MTC-SP-099,Micro Gear Pump (Motor Filling),4,0,,,,,,Stock report sync (sync 0 → 4)
307,29/5/2026,12.10,IN,MTC-SP-100,Carbon Brush Shrink,15,0,,,,,,Stock report sync (sync 0 → 15)
308,29/5/2026,12.10,IN,MTC-SP-101,Pisau Porforasi,7,0,,,,,,Stock report sync (sync 0 → 7)
309,29/5/2026,12.10,IN,MTC-SP-102,Sliding Block,2,0,,,,,,Stock report sync (sync 0 → 2)
310,29/5/2026,12.10,IN,MTC-SP-106,Pilot Lamp Yellow,6,0,,,,,,Stock report sync (sync 0 → 6)
311,29/5/2026,12.10,IN,MTC-SP-107,Emergency Switch,5,0,,,,,,Stock report sync (sync 0 → 5)
312,29/5/2026,12.10,IN,MTC-SP-108,Servo Motor DC 5,2,0,,,,,,Stock report sync (sync 0 → 2)
313,29/5/2026,12.10,IN,MTC-SP-109,Push Button,8,0,,,,,,Stock report sync (sync 0 → 8)
314,29/5/2026,12.10,IN,MTC-SP-110,Pilot Lamp Red,6,0,,,,,,Stock report sync (sync 0 → 6)
315,29/5/2026,12.10,IN,MTC-SP-111,Pilot Lamp Green,8,0,,,,,,Stock report sync (sync 0 → 8)
316,29/5/2026,12.10,IN,MTC-SP-113,Kapasitor 7 mF,5,0,,,,,,Stock report sync (sync 0 → 5)
317,29/5/2026,12.10,IN,MTC-SP-114,Kapasitor 8 mF,4,0,,,,,,Stock report sync (sync 0 → 4)
318,29/5/2026,12.10,IN,MTC-SP-115,Kapasitor 10 mF,4,0,,,,,,Stock report sync (sync 0 → 4)
319,29/5/2026,12.10,IN,MTC-SP-116,Kapasitor 40 mF,2,0,,,,,,Stock report sync (sync 0 → 2)
320,29/5/2026,12.10,IN,MTC-SP-117,Kapasitor 50 mF,3,0,,,,,,Stock report sync (sync 0 → 3)
321,29/5/2026,12.10,IN,MTC-SP-118,Kapasitor 200 mF,3,0,,,,,,Stock report sync (sync 0 → 3)
322,29/5/2026,12.10,IN,MTC-SP-119,Potensiometer,5,0,,,,,,Stock report sync (sync 0 → 5)
323,29/5/2026,12.10,IN,MTC-SP-120,Selector Switch,13,0,,,,,,Stock report sync (sync 0 → 13)
324,29/5/2026,12.10,IN,MTC-SP-121,Power Push Button Switch,4,0,,,,,,Stock report sync (sync 0 → 4)
325,29/5/2026,12.10,IN,MTC-SP-122,Changover Switch,3,0,,,,,,Stock report sync (sync 0 → 3)
326,29/5/2026,12.10,IN,MTC-SP-123,Sensor BF3RX,11,0,,,,,,Stock report sync (sync 0 → 11)
327,29/5/2026,12.10,IN,MTC-SP-124,Sensor BF5R - D1 - N,7,0,,,,,,Stock report sync (sync 0 → 7)
328,29/5/2026,12.10,IN,MTC-SP-125,Photoelectric Switch,6,0,,,,,,Stock report sync (sync 0 → 6)
329,29/5/2026,12.10,IN,MTC-SP-127,Terminal 12 Slot,7,0,,,,,,Stock report sync (sync 0 → 7)
330,29/5/2026,12.10,IN,MTC-SP-128,Proximity Sensor,3,0,,,,,,Stock report sync (sync 0 → 3)
331,29/5/2026,12.10,IN,MTC-SP-129,Speed Controller,3,0,,,,,,Stock report sync (sync 0 → 3)
332,29/5/2026,12.10,IN,MTC-SP-130,Temperature Controller,3,0,,,,,,Stock report sync (sync 0 → 3)
333,29/5/2026,12.10,IN,MTC-SP-131,Counter,2,0,,,,,,Stock report sync (sync 0 → 2)
334,29/5/2026,12.10,IN,MTC-SP-026,Nut M6,370,0,,,,,,Stock report sync (sync 0 → 370)
335,29/5/2026,12.10,IN,MTC-SP-001,Isolasi Tahan Panas,31,0,,,,,,Stock report sync (sync 0 → 31)
336,29/5/2026,12.10,IN,MTC-SP-005,Cable Tie 2.5x150,2,0,,,,,,Stock report sync (sync 0 → 2)
337,29/5/2026,12.10,IN,MTC-SP-006,Cable Tie 2.5x100,6,0,,,,,,Stock report sync (sync 0 → 6)
338,29/5/2026,12.10,IN,MTC-SP-007,Cartridge Ink,5,0,,,,,,Stock report sync (sync 0 → 5)
339,29/5/2026,12.10,IN,MTC-SP-008,Iron and Steel Grinding,15,0,,,,,,Stock report sync (sync 0 → 15)
340,29/5/2026,12.10,IN,MTC-SP-009,Flap Disc,48,0,,,,,,Stock report sync (sync 0 → 48)
341,29/5/2026,12.10,IN,MTC-SP-010,Cutting Sheet,31,0,,,,,,Stock report sync (sync 0 → 31)
342,29/5/2026,12.10,IN,MTC-SP-011,Dinabolt M12,39,0,,,,,,Stock report sync (sync 0 → 39)
343,29/5/2026,12.10,IN,MTC-SP-012,Dinabolt M8,274,0,,,,,,Stock report sync (sync 0 → 274)
344,29/5/2026,12.10,IN,MTC-SP-013,Fisher Kupu - Kupu,97,0,,,,,,Stock report sync (sync 0 → 97)
345,29/5/2026,12.10,IN,MTC-SP-015,Fisher S6,267,0,,,,,,Stock report sync (sync 0 → 267)
346,29/5/2026,12.10,IN,MTC-SP-016,Bolt Hex M10,32,0,,,,,,Stock report sync (sync 0 → 32)
347,29/5/2026,12.10,IN,MTC-SP-017,Nut M10,83,0,,,,,,Stock report sync (sync 0 → 83)
348,29/5/2026,12.10,IN,MTC-SP-018,Bolt L M10,45,0,,,,,,Stock report sync (sync 0 → 45)
349,29/5/2026,12.10,IN,MTC-SP-019,Bolt L M8,97,0,,,,,,Stock report sync (sync 0 → 97)
350,29/5/2026,12.10,IN,MTC-SP-020,Bolt Hex M8,113,0,,,,,,Stock report sync (sync 0 → 113)
351,29/5/2026,12.10,IN,MTC-SP-021,Nut M8,356,0,,,,,,Stock report sync (sync 0 → 356)
352,29/5/2026,12.10,IN,MTC-SP-022,Ring M8,180,0,,,,,,Stock report sync (sync 0 → 180)
353,29/5/2026,12.10,IN,MTC-SP-024,Bolt Hex M6,87,0,,,,,,Stock report sync (sync 0 → 87)
354,29/5/2026,12.10,IN,MTC-SP-025,Bolt L M6,87,0,,,,,,Stock report sync (sync 0 → 87)
355,29/5/2026,12.10,LOG,,Kain Bahan Kabulon Bludru - New Blue BCA,2,97500,,,,Cash,Raja Kain Textile,[⚡ Insidentil / Sekali Pakai] Untuk kebutuhan mesin cellophane device dan cartridge
356,29/5/2026,12.10,LOG,,Broco Stop Kontak isi 1,4,133512,,,,Cash,Pojok Jaya Elektrik (Tokopedia),"[⚡ Insidentil / Sekali Pakai] Untuk Pemasangan CCTV di G5 dan D7, serta pemasangan di fly catcher RnD"
357,8/5/2026,12.10,IN,MTC-SP-304,Stopkontak isi 5,3,38000,,,,Cash,Toko Agung Teknik,
358,6/5/2026,12.10,LOG,,Piston A03 Filling Machine,1,168000,,,,Cash,Hualian Machinery Indonesia (Tokopedia),[🚨 Emergency / Urgent] Kebutuhan pergantian sparepart mesin filling manual
359,1/4/2026,12.10,IN,,Bearing 6800ZZ (NTN),6,37879,,,,PO,Tokopedia,
360,23/1/2026,12.10,IN,MTC-SP-305,Heating plate upper sealing JBL-150,2,23000,,,,Cash,MM Bearing,